userId;circleId;joinedDate
U1;C11;2021/09/01
U1;C9;2023/12/07
U2;C26;2025/07/28
U3;C26;2025/04/17
U3;C23;2023/07/22
U3;C14;2024/06/01
U3;C49;2022/03/17
U3;C38;2023/06/12
U4;C30;2024/04/16
U4;C9;2023/09/28
U4;C1;2025/02/15
U4;C40;2023/12/17
U4;C14;2023/07/13
U5;C42;2024/06/07
U6;C14;2021/09/22
U6;C35;2021/09/26
U7;C47;2022/04/07
U7;C8;2023/05/19
U7;C41;2022/02/17
U7;C16;2022/10/29
U8;C16;2024/07/08
U8;C42;2025/01/20
U8;C41;2024/10/23
U8;C40;2023/05/29
U8;C37;2024/06/04
U9;C16;2022/09/24
U9;C24;2022/02/21
U9;C49;2022/07/09
U10;C38;2024/12/25
U10;C13;2025/05/31
U10;C50;2022/12/22
U11;C10;2022/10/24
U11;C25;2021/12/23
U11;C1;2024/08/25
U12;C27;2022/12/21
U12;C2;2025/03/22
U12;C26;2023/09/21
U12;C43;2023/02/26
U13;C20;2022/03/18
U13;C21;2021/09/04
U13;C38;2023/11/26
U13;C46;2024/08/30
U13;C44;2025/01/18
U14;C47;2025/02/22
U14;C12;2024/06/16
U14;C16;2023/05/09
U14;C43;2024/06/27
U15;C16;2023/09/20
U15;C40;2024/06/11
U15;C20;2023/01/30
U15;C7;2024/08/09
U15;C12;2022/05/21
U16;C31;2025/08/27
U16;C43;2022/04/27
U16;C18;2023/08/24
U16;C26;2024/03/02
U17;C43;2022/06/06
U17;C15;2021/10/28
U17;C26;2025/08/24
U18;C16;2025/02/09
U18;C47;2022/03/02
U18;C19;2024/09/12
U18;C43;2025/08/11
U19;C25;2025/06/07
U19;C39;2023/10/10
U19;C34;2023/12/10
U19;C49;2022/10/28
U19;C6;2025/03/05
U20;C15;2023/09/30
U20;C23;2024/10/12
U21;C18;2021/09/24
U21;C13;2022/10/05
U21;C23;2023/02/16
U21;C39;2025/01/13
U21;C30;2022/08/19
U22;C27;2024/08/06
U22;C44;2024/11/22
U23;C7;2021/11/28
U23;C10;2022/03/15
U23;C46;2022/01/09
U24;C35;2022/04/19
U24;C41;2024/03/22
U24;C36;2025/03/15
U25;C46;2022/06/17
U25;C1;2025/08/26
U25;C45;2022/08/24
U26;C10;2022/06/27
U26;C6;2025/06/27
U26;C33;2022/09/26
U27;C18;2024/12/13
U27;C32;2024/09/13
U28;C24;2023/03/05
U29;C7;2023/08/15
U29;C5;2024/07/02
U29;C21;2023/07/03
U29;C46;2022/10/05
U30;C4;2023/03/03
U30;C36;2023/05/25
U30;C13;2025/07/02
U31;C5;2022/07/07
U31;C17;2024/03/01
U31;C36;2024/12/05
U31;C29;2023/05/10
U32;C38;2024/10/10
U32;C26;2022/02/08
U32;C4;2025/07/01
U33;C34;2022/01/09
U34;C21;2025/03/23
U34;C50;2024/12/23
U35;C16;2021/12/09
U35;C22;2022/02/22
U35;C27;2022/08/29
U35;C17;2022/07/04
U35;C10;2024/07/05
U36;C9;2023/08/19
U36;C17;2023/09/14
U37;C3;2024/09/05
U37;C41;2022/01/31
U37;C49;2024/10/04
U37;C12;2021/12/16
U38;C30;2025/03/18
U38;C40;2022/11/12
U38;C1;2023/09/14
U39;C13;2022/02/07
U39;C50;2025/07/27
U40;C15;2022/04/05
U40;C1;2021/10/19
U40;C8;2024/07/30
U40;C49;2025/03/26
U41;C47;2022/04/12
U41;C24;2023/12/28
U41;C2;2021/10/29
U41;C38;2024/07/28
U41;C34;2023/01/22
U42;C36;2022/11/03
U42;C10;2023/12/04
U42;C1;2021/11/27
U42;C46;2023/06/24
U43;C14;2021/10/01
U43;C35;2022/05/16
U43;C38;2024/09/30
U44;C43;2024/12/03
U44;C32;2022/02/04
U45;C48;2025/07/31
U46;C21;2024/06/08
U46;C20;2024/05/24
U46;C8;2025/07/19
U46;C24;2022/01/10
U46;C2;2022/04/02
U47;C31;2024/10/28
U47;C5;2021/11/16
U48;C6;2024/10/16
U48;C25;2023/12/03
U48;C40;2021/11/19
U48;C47;2023/12/13
U49;C16;2025/08/24
U49;C23;2022/03/07
U49;C50;2022/10/05
U49;C7;2023/10/08
U50;C6;2022/05/18
U50;C19;2024/03/18
U50;C24;2022/07/15
U51;C12;2022/01/06
U52;C30;2024/02/29
U52;C33;2022/05/17
U53;C17;2022/10/30
U53;C32;2024/12/11
U53;C40;2021/09/20
U53;C7;2023/03/03
U53;C9;2023/09/17
U54;C5;2023/01/24
U54;C46;2024/08/05
U54;C40;2024/05/14
U54;C2;2024/12/30
U55;C20;2022/06/14
U55;C6;2022/09/07
U55;C41;2025/06/17
U56;C22;2024/03/26
U56;C4;2024/04/24
U57;C16;2021/09/09
U57;C43;2023/05/23
U57;C5;2025/03/19
U57;C25;2022/06/14
U58;C36;2022/08/06
U58;C37;2024/03/24
U58;C44;2021/10/10
U59;C41;2025/07/01
U59;C38;2024/04/14
U60;C37;2024/12/05
U60;C4;2023/12/14
U60;C32;2023/04/03
U61;C13;2023/02/23
U61;C17;2022/03/29
U62;C5;2025/08/08
U62;C31;2023/05/25
U62;C12;2022/05/25
U62;C1;2023/07/29
U62;C48;2024/10/05
U63;C44;2023/10/11
U63;C3;2023/11/20
U64;C49;2024/10/08
U64;C30;2024/02/01
U64;C4;2021/09/10
U64;C37;2023/08/21
U65;C9;2023/09/27
U65;C44;2022/06/24
U65;C6;2025/07/19
U66;C2;2025/03/15
U67;C40;2022/03/08
U67;C35;2021/11/14
U67;C20;2023/10/09
U68;C42;2021/08/31
U68;C36;2023/04/03
U69;C49;2023/04/15
U69;C18;2024/04/23
U69;C10;2023/02/11
U70;C11;2024/03/20
U70;C19;2024/12/21
U70;C47;2025/04/11
U70;C30;2024/04/25
U70;C32;2023/12/12
U71;C35;2023/06/07
U71;C11;2024/05/12
U71;C36;2022/01/13
U71;C48;2021/10/02
U71;C49;2022/11/26
U72;C49;2025/02/02
U72;C47;2023/06/22
U72;C18;2023/04/22
U72;C15;2021/10/31
U73;C34;2025/02/05
U73;C24;2023/01/31
U73;C25;2024/02/10
U74;C26;2025/03/03
U75;C33;2024/10/16
U76;C22;2025/07/11
U76;C38;2021/09/23
U76;C8;2024/03/30
U76;C29;2024/10/10
U77;C5;2025/03/07
U77;C11;2022/05/26
U78;C31;2024/05/04
U79;C26;2021/10/10
U79;C21;2025/05/17
U79;C36;2025/06/22
U79;C28;2022/02/16
U79;C44;2025/05/28
U80;C36;2024/09/10
U80;C31;2022/01/26
U80;C40;2024/10/15
U80;C39;2024/04/25
U81;C11;2022/02/24
U81;C25;2024/09/25
U82;C45;2024/02/18
U82;C5;2025/07/01
U82;C33;2023/10/25
U82;C31;2022/02/07
U83;C2;2024/11/19
U83;C47;2023/08/13
U84;C15;2023/03/03
U84;C27;2023/12/04
U85;C38;2024/07/20
U86;C27;2022/07/20
U86;C32;2022/02/07
U86;C24;2022/07/05
U87;C31;2023/01/02
U87;C13;2022/12/21
U87;C45;2025/02/23
U88;C16;2023/03/21
U88;C21;2022/10/31
U88;C5;2025/05/26
U88;C2;2022/03/10
U89;C19;2023/12/22
U90;C38;2024/06/17
U90;C29;2022/08/02
U91;C10;2024/06/30
U91;C29;2023/04/13
U91;C34;2025/05/25
U92;C34;2022/04/08
U92;C41;2023/12/13
U92;C4;2023/05/12
U92;C37;2025/05/14
U92;C39;2023/11/17
U93;C34;2023/10/27
U93;C11;2021/10/25
U93;C26;2021/11/18
U93;C40;2023/10/25
U94;C7;2024/10/09
U94;C2;2021/09/14
U94;C40;2025/06/03
U95;C44;2024/07/22
U95;C6;2025/04/11
U95;C28;2024/11/29
U96;C28;2024/07/23
U96;C49;2025/03/19
U96;C25;2023/02/16
U97;C46;2024/06/05
U98;C2;2022/06/07
U98;C28;2022/04/09
U99;C10;2025/05/19
U99;C42;2023/06/29
U99;C14;2024/10/14
U99;C5;2023/04/25
U100;C25;2025/02/18
U100;C39;2022/08/19
U100;C19;2024/04/22
U100;C7;2023/01/08
U100;C1;2024/06/28
U101;C36;2025/05/28
U101;C32;2021/09/29
U101;C11;2024/06/28
U101;C16;2022/03/02
U101;C1;2024/06/05
U102;C17;2022/07/21
U102;C43;2022/08/09
U102;C34;2025/03/25
U102;C10;2024/07/30
U103;C16;2022/07/02
U103;C33;2024/11/18
U104;C33;2024/11/30
U105;C18;2022/11/02
U105;C5;2023/08/21
U105;C27;2023/03/16
U106;C22;2022/01/23
U106;C35;2024/11/08
U106;C14;2024/01/22
U107;C34;2023/08/07
U107;C18;2024/06/09
U107;C41;2024/12/21
U108;C4;2022/11/02
U109;C16;2023/11/20
U109;C19;2024/04/18
U110;C10;2024/07/27
U110;C41;2022/01/18
U111;C11;2025/03/03
U112;C43;2021/09/28
U112;C38;2025/02/27
U112;C49;2023/12/31
U112;C10;2022/11/08
U112;C2;2021/09/01
U113;C28;2024/08/22
U113;C46;2025/05/24
U114;C45;2025/03/24
U114;C1;2024/03/18
U114;C13;2021/09/26
U114;C41;2021/10/08
U115;C16;2024/07/06
U115;C20;2022/10/13
U115;C38;2023/02/18
U115;C3;2025/04/20
U115;C27;2024/11/07
U116;C48;2024/01/15
U117;C48;2024/01/02
U117;C34;2023/02/01
U118;C12;2022/06/09
U118;C22;2025/08/01
U118;C29;2021/09/09
U119;C47;2022/07/18
U119;C31;2024/02/05
U119;C42;2023/10/26
U120;C9;2022/12/05
U120;C16;2023/12/07
U120;C15;2022/02/24
U120;C33;2025/04/17
U120;C11;2024/02/27
U121;C48;2023/10/17
U121;C18;2023/03/01
U121;C43;2022/07/14
U122;C20;2022/05/31
U122;C38;2022/11/24
U122;C1;2023/01/19
U122;C12;2023/02/01
U123;C8;2021/11/23
U123;C23;2022/10/12
U123;C13;2024/11/15
U124;C49;2024/06/29
U125;C31;2024/04/22
U125;C6;2022/12/29
U125;C27;2022/12/13
U126;C5;2024/10/15
U126;C35;2023/08/15
U126;C50;2022/02/01
U126;C18;2022/04/26
U127;C42;2025/07/29
U127;C9;2024/04/18
U127;C27;2024/10/15
U127;C26;2023/11/21
U128;C29;2023/06/30
U128;C19;2023/05/01
U128;C41;2023/03/07
U128;C23;2023/10/18
U129;C27;2025/06/25
U129;C35;2025/05/07
U129;C49;2025/08/08
U130;C47;2024/06/08
U130;C50;2024/09/10
U130;C19;2022/05/05
U131;C28;2024/10/07
U131;C37;2021/09/09
U132;C34;2022/08/04
U132;C44;2021/12/09
U132;C1;2024/07/02
U133;C46;2025/03/21
U133;C2;2022/10/27
U133;C49;2021/09/30
U133;C14;2024/08/13
U133;C8;2025/06/09
U134;C24;2023/04/10
U134;C3;2024/01/03
U134;C12;2025/07/04
U134;C14;2025/08/06
U134;C25;2023/03/16
U135;C17;2025/08/26
U135;C47;2025/07/08
U135;C9;2021/09/12
U135;C12;2024/06/02
U135;C42;2025/06/05
U136;C33;2025/04/04
U136;C41;2023/01/19
U136;C26;2022/06/15
U136;C22;2024/03/05
U136;C32;2024/07/09
U137;C17;2022/09/26
U137;C22;2023/07/07
U138;C43;2024/04/13
U138;C1;2024/10/25
U138;C41;2024/02/24
U138;C18;2024/08/08
U139;C43;2022/08/22
U139;C11;2023/02/24
U140;C45;2023/08/12
U141;C48;2023/10/06
U141;C12;2024/08/24
U141;C17;2021/10/15
U142;C36;2024/12/04
U142;C50;2023/10/06
U142;C40;2021/11/03
U142;C44;2025/05/07
U142;C33;2022/08/20
U143;C49;2024/12/10
U143;C35;2025/01/30
U143;C31;2024/12/10
U143;C15;2022/06/29
U143;C32;2022/12/03
U144;C11;2025/05/17
U144;C44;2023/08/22
U144;C19;2023/11/17
U144;C41;2023/01/19
U145;C28;2024/02/04
U145;C6;2024/10/07
U146;C5;2021/12/21
U146;C35;2022/01/10
U146;C16;2025/05/02
U146;C31;2024/06/14
U147;C14;2022/06/08
U147;C15;2025/07/07
U147;C39;2022/12/18
U147;C29;2022/09/16
U147;C8;2021/10/16
U148;C16;2023/08/04
U149;C1;2025/05/27
U149;C39;2021/09/01
U149;C41;2024/04/17
U149;C7;2023/12/04
U150;C28;2024/07/20
U150;C42;2022/01/31
U150;C24;2023/01/07
U150;C26;2025/06/27
U150;C16;2024/08/30
U151;C9;2025/05/01
U151;C20;2022/10/26
U151;C44;2025/06/07
U152;C23;2022/02/25
U152;C18;2024/08/25
U152;C42;2022/06/07
U153;C23;2024/10/06
U153;C9;2023/03/17
U154;C48;2022/09/02
U154;C29;2023/04/08
U154;C14;2025/02/20
U154;C42;2024/10/02
U154;C47;2024/10/02
U155;C48;2022/08/04
U155;C12;2025/07/20
U155;C19;2021/11/21
U155;C23;2022/05/13
U155;C36;2025/04/16
U156;C37;2021/09/22
U156;C4;2023/01/03
U156;C5;2023/05/17
U156;C23;2022/08/04
U156;C48;2025/07/01
U157;C17;2025/06/29
U157;C36;2023/05/27
U157;C41;2025/01/16
U157;C19;2023/10/28
U157;C39;2024/02/14
U158;C28;2025/04/16
U158;C22;2024/12/24
U158;C11;2023/08/20
U159;C44;2022/07/03
U160;C36;2025/04/11
U160;C41;2025/03/05
U161;C9;2021/11/25
U161;C25;2022/12/02
U162;C16;2024/12/20
U163;C24;2023/10/09
U163;C26;2025/06/29
U163;C28;2022/06/08
U163;C45;2025/03/01
U164;C38;2022/07/26
U164;C1;2022/02/22
U164;C29;2024/10/04
U165;C27;2025/02/20
U166;C36;2023/07/29
U167;C33;2025/06/16
U168;C11;2024/12/20
U168;C9;2022/10/26
U169;C37;2023/06/08
U170;C17;2023/06/30
U171;C15;2022/07/21
U172;C43;2024/06/10
U172;C29;2024/01/15
U172;C11;2021/12/31
U173;C40;2024/02/16
U173;C5;2022/09/11
U173;C19;2021/11/11
U173;C17;2024/11/27
U173;C1;2024/02/21
U174;C15;2024/05/03
U174;C5;2025/02/24
U174;C39;2024/04/30
U174;C26;2022/01/01
U174;C3;2024/01/23
U175;C17;2022/11/01
U175;C36;2023/08/04
U176;C8;2023/11/06
U177;C46;2023/01/31
U177;C12;2023/08/10
U177;C22;2025/05/16
U177;C50;2022/10/05
U178;C10;2023/02/02
U178;C31;2023/03/03
U178;C1;2025/05/24
U178;C26;2024/06/14
U179;C24;2022/04/27
U179;C14;2022/04/10
U179;C12;2023/12/21
U179;C11;2023/04/24
U179;C25;2023/07/25
U180;C30;2023/08/25
U180;C19;2024/01/16
U180;C41;2023/12/20
U180;C9;2022/09/25
U181;C7;2022/08/05
U181;C4;2024/07/25
U181;C2;2022/07/09
U181;C27;2024/12/09
U181;C17;2022/01/16
U182;C14;2024/01/13
U183;C45;2021/10/20
U184;C39;2023/10/09
U184;C47;2023/10/15
U184;C23;2024/12/14
U184;C48;2024/08/12
U185;C12;2023/12/03
U185;C48;2022/10/24
U186;C19;2023/06/26
U186;C4;2025/01/06
U187;C13;2023/07/23
U187;C22;2024/11/12
U187;C49;2024/04/02
U188;C35;2023/09/28
U188;C7;2022/01/08
U188;C41;2022/01/10
U188;C44;2025/07/25
U188;C50;2022/07/06
U189;C10;2024/10/17
U190;C26;2023/05/18
U191;C11;2024/10/19
U191;C19;2022/03/12
U191;C37;2024/04/16
U191;C27;2021/12/21
U191;C24;2025/07/23
U192;C18;2025/02/15
U192;C44;2022/05/19
U192;C11;2023/09/28
U193;C49;2022/09/19
U193;C15;2025/06/27
U194;C18;2025/05/16
U194;C23;2024/07/13
U194;C21;2023/10/18
U195;C50;2022/03/29
U195;C9;2024/09/23
U195;C15;2025/02/05
U195;C35;2023/04/16
U196;C45;2023/01/21
U196;C22;2025/02/19
U196;C47;2021/10/11
U196;C46;2022/04/27
U197;C16;2021/12/07
U197;C4;2025/03/27
U197;C47;2023/10/26
U197;C31;2022/02/01
U198;C5;2024/07/25
U198;C16;2024/06/04
U198;C38;2024/02/12
U198;C43;2022/08/11
U199;C29;2023/03/14
U199;C45;2024/01/16
U199;C15;2022/08/09
U199;C8;2023/11/18
U200;C14;2023/08/29
U200;C39;2021/10/07
U200;C30;2024/12/03
U200;C28;2023/10/14
U201;C49;2023/02/02
U201;C18;2024/06/12
U201;C7;2022/03/12
U201;C26;2022/04/30
U202;C42;2022/09/07
U202;C28;2024/11/11
U202;C6;2021/11/26
U202;C26;2023/09/24
U203;C25;2024/01/05
U203;C6;2022/03/07
U203;C31;2023/06/13
U203;C37;2022/07/28
U204;C18;2025/08/04
U204;C39;2022/11/02
U204;C41;2025/08/20
U204;C14;2023/06/13
U205;C15;2023/11/24
U205;C10;2024/05/23
U205;C48;2022/03/14
U205;C27;2024/06/09
U206;C8;2022/05/12
U206;C11;2022/03/14
U207;C13;2024/05/08
U207;C29;2025/04/29
U208;C39;2023/03/16
U208;C14;2024/06/02
U208;C26;2022/12/13
U209;C1;2024/06/24
U209;C29;2022/06/28
U209;C26;2025/04/03
U209;C41;2025/06/04
U210;C14;2023/05/15
U211;C17;2023/09/25
U211;C49;2023/02/20
U211;C38;2022/07/11
U212;C12;2022/11/22
U213;C42;2024/02/29
U213;C38;2025/08/20
U213;C4;2024/09/17
U214;C37;2022/02/05
U214;C25;2021/10/31
U214;C21;2024/06/05
U214;C39;2025/08/24
U214;C18;2024/11/08
U215;C29;2022/11/04
U215;C17;2022/04/05
U215;C11;2022/07/25
U215;C1;2025/07/14
U215;C36;2022/09/10
U216;C31;2024/12/10
U217;C40;2022/03/12
U218;C48;2023/11/24
U218;C11;2024/08/30
U219;C23;2024/08/25
U220;C31;2024/07/10
U220;C23;2025/07/14
U221;C40;2022/02/06
U221;C47;2023/07/26
U221;C28;2022/10/26
U221;C15;2023/11/29
U222;C37;2022/08/03
U222;C4;2024/12/16
U222;C26;2025/06/21
U222;C31;2024/03/02
U222;C49;2021/10/18
U223;C28;2023/04/22
U223;C11;2025/05/18
U223;C13;2022/10/25
U224;C10;2022/05/15
U224;C5;2024/03/02
U224;C13;2023/12/15
U225;C7;2021/12/20
U225;C9;2023/04/01
U225;C28;2022/01/25
U225;C5;2021/11/18
U225;C18;2024/12/24
U226;C46;2022/06/29
U226;C33;2024/04/25
U226;C44;2023/05/21
U226;C19;2022/01/28
U226;C13;2022/06/14
U227;C45;2024/10/23
U228;C36;2024/06/25
U229;C5;2023/11/06
U229;C28;2021/11/13
U229;C4;2023/05/21
U229;C43;2023/04/08
U229;C13;2023/02/15
U230;C2;2022/04/26
U230;C34;2022/12/01
U231;C6;2025/07/15
U232;C15;2023/07/08
U232;C38;2022/10/17
U232;C6;2025/01/16
U232;C46;2022/12/06
U233;C22;2022/02/14
U233;C33;2024/10/02
U233;C27;2021/11/07
U234;C17;2023/12/01
U235;C28;2022/03/29
U235;C36;2022/05/17
U236;C13;2025/04/15
U236;C40;2024/04/17
U236;C11;2025/04/28
U236;C6;2022/11/14
U237;C49;2025/03/20
U237;C35;2022/11/01
U237;C28;2024/05/23
U238;C19;2024/03/24
U239;C50;2023/09/23
U239;C23;2024/08/21
U239;C34;2023/10/03
U239;C37;2022/05/07
U239;C47;2024/09/06
U240;C15;2021/09/09
U240;C10;2023/09/25
U240;C14;2024/04/29
U240;C9;2023/06/08
U240;C7;2022/08/10
U241;C22;2024/07/14
U241;C10;2024/04/01
U242;C3;2022/11/21
U242;C30;2023/07/28
U242;C19;2025/02/10
U243;C17;2022/01/15
U243;C9;2025/07/15
U243;C22;2025/07/07
U243;C31;2025/05/14
U244;C21;2022/08/29
U245;C48;2022/06/22
U245;C49;2024/07/27
U245;C1;2025/05/01
U245;C26;2024/12/08
U245;C37;2024/01/17
U246;C25;2023/07/28
U246;C4;2023/06/24
U246;C24;2023/08/24
U246;C19;2024/08/15
U246;C37;2023/03/04
U247;C32;2023/12/23
U247;C43;2022/01/31
U248;C16;2023/07/29
U249;C15;2023/01/02
U249;C41;2022/03/03
U249;C10;2025/02/11
U249;C28;2024/12/03
U250;C6;2023/08/16
U250;C22;2024/05/27
U250;C8;2025/06/23
U250;C45;2022/12/27
U250;C36;2023/01/30
