userId;postId;timestamp
U234;P1;2025/05/11 03:31:51
U241;P2;2025/07/21 19:25:31
U206;P3;2025/01/10 20:26:15
U237;P4;2024/12/13 05:08:04
U112;P5;2025/01/20 09:59:06
U106;P6;2024/11/07 13:17:16
U240;P7;2025/03/28 12:58:26
U230;P8;2024/11/11 10:42:27
U216;P9;2024/11/28 20:39:25
U5;P10;2024/10/10 15:34:40
U197;P11;2025/02/24 22:08:34
U232;P12;2025/05/24 18:12:09
U198;P13;2025/01/31 05:55:28
U214;P14;2025/07/18 15:58:09
U54;P15;2025/06/30 21:00:13
U59;P16;2025/04/18 00:30:06
U156;P17;2025/03/02 07:14:16
U32;P18;2024/12/27 01:52:25
U78;P19;2024/09/28 19:49:57
U69;P20;2025/03/22 19:47:00
U230;P21;2025/01/19 11:05:43
U141;P22;2025/03/10 03:59:53
U51;P23;2024/10/13 20:59:57
U39;P24;2024/10/10 05:25:16
U73;P25;2025/07/30 20:40:04
U10;P26;2024/11/04 06:55:01
U26;P27;2025/04/08 08:00:41
U184;P28;2025/06/30 02:50:20
U134;P29;2025/02/24 04:46:54
U113;P30;2024/11/20 20:04:57
U75;P31;2025/07/01 22:40:44
U29;P32;2025/08/01 20:18:37
U70;P33;2024/10/09 23:20:51
U79;P34;2024/10/07 08:10:13
U167;P35;2025/06/01 01:17:40
U174;P36;2024/09/30 11:11:34
U218;P37;2025/05/22 13:19:41
U129;P38;2024/10/12 20:03:33
U155;P39;2025/08/23 20:32:41
U7;P40;2025/06/14 22:59:34
U214;P41;2024/11/10 21:26:45
U41;P42;2024/10/05 02:02:09
U218;P43;2025/04/25 14:47:09
U33;P44;2025/07/25 22:50:19
U30;P45;2025/04/09 16:28:00
U62;P46;2024/09/24 20:34:18
U59;P47;2024/09/14 15:49:00
U132;P48;2024/09/14 11:20:26
U205;P49;2025/05/26 11:27:12
U32;P50;2024/12/04 10:55:22
U41;P51;2025/04/18 16:10:03
U247;P52;2025/03/13 17:09:08
U87;P53;2025/07/15 13:04:53
U121;P54;2025/08/21 00:19:31
U130;P55;2025/03/13 18:12:40
U168;P56;2025/08/20 12:39:24
U127;P57;2024/10/08 08:36:20
U163;P58;2025/06/02 23:58:26
U185;P59;2025/01/27 16:00:35
U93;P60;2025/06/15 08:37:07
U47;P61;2024/09/25 14:45:44
U120;P62;2024/09/05 18:27:16
U84;P63;2025/03/25 23:18:27
U75;P64;2025/08/21 05:41:07
U206;P65;2025/03/03 02:04:31
U150;P66;2024/11/01 12:58:33
U197;P67;2024/10/06 14:34:01
U132;P68;2024/11/29 00:02:20
U74;P69;2024/12/27 13:51:56
U121;P70;2025/06/05 17:48:40
U161;P71;2024/12/10 08:18:15
U150;P72;2024/10/05 13:55:26
U178;P73;2025/07/29 16:30:42
U47;P74;2025/03/11 18:19:42
U95;P75;2025/05/27 09:42:56
U121;P76;2025/03/10 07:44:11
U221;P77;2024/10/06 04:26:19
U77;P78;2024/10/26 17:00:46
U156;P79;2024/09/02 14:26:28
U134;P80;2025/02/12 04:16:43
U166;P81;2024/12/28 07:31:37
U9;P82;2024/09/15 02:33:24
U18;P83;2024/12/20 07:42:33
U66;P84;2025/04/01 19:37:28
U46;P85;2025/02/27 06:59:48
U242;P86;2025/03/13 03:07:11
U228;P87;2025/01/28 05:09:04
U16;P88;2025/07/06 18:14:22
U143;P89;2024/09/20 16:50:45
U10;P90;2025/05/29 04:21:36
U134;P91;2025/01/14 19:31:35
U215;P92;2024/10/06 01:17:25
U243;P93;2024/10/17 16:25:26
U69;P94;2024/11/15 18:04:46
U244;P95;2025/03/06 03:21:34
U220;P96;2025/05/20 08:19:52
U196;P97;2025/03/26 04:59:53
U44;P98;2024/09/14 10:59:43
U84;P99;2024/12/24 03:24:58
U207;P100;2024/12/03 08:28:49
U43;P101;2025/08/05 08:40:48
U169;P102;2025/02/14 22:34:17
U190;P103;2025/08/27 18:00:38
U245;P104;2025/01/20 02:31:18
U116;P105;2025/01/19 00:01:41
U172;P106;2025/06/15 21:21:18
U73;P107;2024/09/24 06:18:51
U180;P108;2024/09/22 07:09:50
U1;P109;2024/12/19 17:27:46
U21;P110;2025/02/21 12:40:19
U7;P111;2025/03/29 23:28:47
U113;P112;2024/09/03 13:00:17
U113;P113;2024/10/24 14:38:14
U22;P114;2025/03/22 20:58:58
U178;P115;2024/09/29 00:18:28
U123;P116;2024/12/10 21:01:08
U44;P117;2025/01/04 04:06:12
U154;P118;2024/10/02 21:12:27
U234;P119;2025/07/31 04:55:47
U239;P120;2025/01/22 14:58:09
U237;P121;2025/05/12 08:55:13
U16;P122;2025/08/24 12:28:31
U140;P123;2024/10/25 19:11:05
U89;P124;2024/11/24 06:13:47
U179;P125;2025/04/30 16:57:22
U46;P126;2025/03/22 17:51:16
U141;P127;2024/11/07 13:47:42
U79;P128;2025/08/02 15:15:33
U149;P129;2025/08/13 15:05:17
U41;P130;2025/02/04 07:01:30
U34;P131;2025/04/11 08:06:39
U73;P132;2024/12/01 13:10:56
U111;P133;2024/09/09 20:00:18
U177;P134;2025/07/13 10:50:49
U202;P135;2024/11/21 13:03:27
U151;P136;2025/01/25 05:34:57
U88;P137;2025/07/01 19:52:35
U123;P138;2025/04/27 20:55:02
U239;P139;2024/10/25 19:50:31
U26;P140;2025/02/15 02:15:59
U156;P141;2025/01/30 17:53:24
U47;P142;2025/02/21 21:25:04
U62;P143;2024/11/01 00:00:07
U30;P144;2025/02/25 12:02:31
U173;P145;2024/12/06 23:17:49
U213;P146;2025/02/21 06:06:03
U109;P147;2024/12/26 09:09:24
U91;P148;2025/05/08 09:35:32
U151;P149;2025/03/09 03:35:41
U188;P150;2025/02/20 21:19:07
U43;P151;2024/09/05 16:19:00
U227;P152;2025/08/25 00:12:48
U244;P153;2025/06/30 16:14:48
U34;P154;2025/03/17 02:09:03
U212;P155;2025/08/12 13:41:46
U148;P156;2025/06/09 08:31:02
U184;P157;2024/10/24 12:36:14
U77;P158;2025/08/06 00:05:24
U18;P159;2024/11/20 16:15:25
U134;P160;2025/05/10 22:44:40
U116;P161;2025/05/12 18:17:52
U33;P162;2025/02/13 00:09:51
U131;P163;2025/06/26 07:01:09
U38;P164;2025/07/06 15:49:25
U41;P165;2025/08/09 20:48:04
U89;P166;2025/08/28 09:17:23
U32;P167;2025/03/08 00:32:02
U69;P168;2025/04/03 00:54:35
U113;P169;2025/07/22 06:28:01
U157;P170;2025/07/17 01:51:43
U58;P171;2025/02/16 12:19:45
U230;P172;2025/03/04 08:10:36
U243;P173;2025/05/20 05:39:21
U191;P174;2025/07/17 00:50:42
U155;P175;2025/03/20 15:33:30
U88;P176;2025/07/24 03:09:14
U176;P177;2025/04/06 23:10:31
U41;P178;2025/03/30 09:58:56
U93;P179;2025/01/27 18:46:57
U190;P180;2025/08/27 20:01:48
U166;P181;2025/07/11 15:13:43
U93;P182;2024/12/23 21:51:41
U8;P183;2025/01/26 10:16:39
U177;P184;2024/11/01 12:03:17
U69;P185;2024/10/22 20:23:23
U62;P186;2025/02/18 15:35:33
U217;P187;2025/03/03 23:31:47
U171;P188;2025/05/17 09:32:47
U225;P189;2024/12/21 17:42:18
U129;P190;2024/09/08 21:45:18
U86;P191;2024/12/06 08:16:18
U2;P192;2024/11/05 13:50:38
U162;P193;2025/07/14 00:53:58
U119;P194;2025/04/17 00:49:12
U136;P195;2025/05/10 02:32:26
U211;P196;2025/01/21 04:13:30
U169;P197;2024/11/26 09:19:50
U203;P198;2025/03/04 17:28:14
U59;P199;2025/03/04 23:20:48
U69;P200;2025/06/09 16:32:08
U145;P201;2025/03/14 08:59:00
U202;P202;2024/09/30 06:15:08
U109;P203;2024/11/13 03:47:56
U80;P204;2025/05/04 12:32:00
U84;P205;2025/08/16 12:40:19
U174;P206;2025/08/06 06:21:29
U212;P207;2025/06/07 01:03:34
U116;P208;2025/03/16 16:12:55
U239;P209;2025/01/22 21:02:20
U217;P210;2025/03/29 08:38:25
U139;P211;2025/06/25 10:20:18
U143;P212;2025/01/07 11:39:23
U184;P213;2025/08/16 07:39:38
U205;P214;2025/02/22 12:28:11
U172;P215;2024/11/23 16:46:21
U186;P216;2025/07/17 15:23:17
U3;P217;2025/05/30 06:02:48
U185;P218;2025/05/05 22:36:01
U59;P219;2024/09/08 13:50:24
U213;P220;2025/06/15 06:46:12
U129;P221;2024/11/18 09:58:46
U151;P222;2024/11/04 23:47:14
U178;P223;2025/01/20 20:31:10
U40;P224;2024/11/17 12:18:50
U53;P225;2025/04/24 07:39:54
U84;P226;2025/06/26 00:06:36
U206;P227;2025/06/25 03:49:56
U234;P228;2025/05/28 08:06:24
U117;P229;2024/10/26 02:20:34
U73;P230;2025/02/28 07:36:42
U180;P231;2024/12/08 10:21:34
U51;P232;2024/12/31 11:48:34
U177;P233;2025/06/11 03:49:58
U234;P234;2024/11/27 10:58:08
U81;P235;2025/05/08 15:15:05
U55;P236;2024/09/21 04:17:03
U124;P237;2025/02/09 12:30:31
U159;P238;2025/03/14 01:39:26
U233;P239;2025/01/15 11:19:55
U37;P240;2025/05/16 02:30:07
U149;P241;2025/02/18 19:48:03
U106;P242;2025/01/14 02:56:15
U54;P243;2025/06/30 21:06:20
U180;P244;2025/01/27 14:04:19
U179;P245;2025/02/27 00:55:00
U155;P246;2025/02/11 06:47:03
U12;P247;2025/08/01 18:36:22
U9;P248;2025/05/08 19:54:19
U71;P249;2024/12/01 15:28:09
U202;P250;2024/12/18 22:09:11
U222;P251;2025/01/08 05:58:26
U206;P252;2025/03/14 08:22:02
U226;P253;2025/08/28 18:17:03
U218;P254;2025/07/05 23:15:20
U197;P255;2025/02/21 21:05:59
U221;P256;2025/07/03 03:33:34
U227;P257;2025/01/29 14:29:39
U167;P258;2025/07/28 11:21:25
U89;P259;2025/08/07 10:35:49
U98;P260;2024/12/04 19:59:22
U36;P261;2025/03/11 04:33:55
U172;P262;2025/04/20 15:47:43
U211;P263;2025/01/25 23:25:32
U45;P264;2025/02/18 18:47:23
U43;P265;2025/08/28 17:53:58
U17;P266;2024/11/07 02:36:07
U160;P267;2024/12/19 12:46:33
U14;P268;2024/10/03 01:43:16
U165;P269;2024/12/16 14:25:31
U4;P270;2025/01/26 08:04:33
U206;P271;2024/09/06 04:23:12
U239;P272;2025/04/08 07:11:22
U136;P273;2025/04/23 08:42:18
U170;P274;2024/11/05 22:59:34
U68;P275;2025/03/22 03:24:33
U95;P276;2025/08/25 02:07:28
U34;P277;2025/04/20 01:29:39
U195;P278;2025/03/25 01:47:56
U29;P279;2025/03/08 07:29:22
U6;P280;2025/05/22 23:32:47
U233;P281;2024/11/04 04:08:30
U223;P282;2024/09/22 00:49:41
U241;P283;2025/06/04 23:52:15
U41;P284;2025/07/24 23:17:18
U177;P285;2025/01/27 03:07:10
U191;P286;2024/12/16 20:32:26
U45;P287;2025/05/17 04:06:07
U231;P288;2024/11/28 07:12:36
U213;P289;2025/02/04 03:02:50
U119;P290;2025/04/16 18:57:58
U214;P291;2024/10/10 02:35:55
U1;P292;2024/10/16 21:11:08
U239;P293;2025/01/24 04:41:25
U163;P294;2024/12/20 03:04:55
U195;P295;2025/02/19 13:44:39
U243;P296;2025/03/28 20:23:17
U58;P297;2025/03/08 18:45:40
U52;P298;2025/03/25 07:10:05
U129;P299;2025/08/05 02:22:58
U166;P300;2024/10/17 14:39:19
