postId;circleId
P1;C17
P2;C22
P3;C8
P4;C28
P5;C2
P6;C35
P7;C7
P8;C34
P9;C31
P10;C42
P11;C31
P12;C46
P13;C43
P14;C25
P15;C5
P16;C38
P17;C4
P18;C4
P19;C31
P20;C18
P21;C34
P22;C48
P23;C12
P24;C50
P25;C24
P26;C13
P27;C6
P28;C39
P29;C3
P30;C46
P31;C33
P32;C5
P33;C11
P34;C26
P35;C33
P36;C15
P37;C11
P38;C27
P39;C23
P40;C41
P41;C39
P42;C2
P43;C11
P44;C34
P45;C4
P46;C12
P47;C38
P48;C34
P49;C15
P50;C4
P51;C34
P52;C32
P53;C13
P54;C18
P55;C19
P56;C9
P57;C42
P58;C28
P59;C48
P60;C11
P61;C5
P62;C16
P63;C27
P64;C33
P65;C11
P66;C16
P67;C4
P68;C34
P69;C26
P70;C18
P71;C9
P72;C16
P73;C1
P74;C31
P75;C28
P76;C18
P77;C15
P78;C5
P79;C37
P80;C12
P81;C36
P82;C16
P83;C43
P84;C2
P85;C24
P86;C30
P87;C36
P88;C43
P89;C49
P90;C50
P91;C24
P92;C36
P93;C17
P94;C49
P95;C21
P96;C23
P97;C47
P98;C43
P99;C15
P100;C13
P101;C35
P102;C37
P103;C26
P104;C37
P105;C48
P106;C43
P107;C34
P108;C9
P109;C9
P110;C13
P111;C8
P112;C28
P113;C28
P114;C27
P115;C26
P116;C8
P117;C43
P118;C47
P119;C17
P120;C50
P121;C49
P122;C26
P123;C45
P124;C19
P125;C11
P126;C20
P127;C12
P128;C21
P129;C39
P130;C47
P131;C21
P132;C25
P133;C11
P134;C12
P135;C28
P136;C44
P137;C16
P138;C13
P139;C37
P140;C6
P141;C48
P142;C5
P143;C1
P144;C13
P145;C1
P146;C42
P147;C16
P148;C29
P149;C9
P150;C35
P151;C35
P152;C45
P153;C21
P154;C21
P155;C12
P156;C16
P157;C39
P158;C11
P159;C19
P160;C25
P161;C48
P162;C34
P163;C37
P164;C1
P165;C47
P166;C19
P167;C4
P168;C10
P169;C46
P170;C41
P171;C44
P172;C34
P173;C31
P174;C24
P175;C23
P176;C5
P177;C8
P178;C24
P179;C34
P180;C26
P181;C36
P182;C34
P183;C41
P184;C12
P185;C49
P186;C31
P187;C40
P188;C15
P189;C7
P190;C49
P191;C32
P192;C26
P193;C16
P194;C42
P195;C32
P196;C49
P197;C37
P198;C31
P199;C38
P200;C49
P201;C6
P202;C28
P203;C19
P204;C36
P205;C27
P206;C39
P207;C12
P208;C48
P209;C37
P210;C40
P211;C11
P212;C32
P213;C48
P214;C48
P215;C11
P216;C4
P217;C26
P218;C12
P219;C38
P220;C42
P221;C49
P222;C9
P223;C31
P224;C8
P225;C40
P226;C15
P227;C11
P228;C17
P229;C48
P230;C24
P231;C30
P232;C12
P233;C12
P234;C17
P235;C11
P236;C6
P237;C49
P238;C44
P239;C33
P240;C12
P241;C41
P242;C22
P243;C5
P244;C41
P245;C25
P246;C23
P247;C26
P248;C49
P249;C36
P250;C6
P251;C26
P252;C8
P253;C46
P254;C11
P255;C16
P256;C40
P257;C45
P258;C33
P259;C19
P260;C2
P261;C17
P262;C29
P263;C38
P264;C48
P265;C14
P266;C15
P267;C41
P268;C43
P269;C27
P270;C1
P271;C8
P272;C34
P273;C41
P274;C17
P275;C36
P276;C28
P277;C50
P278;C9
P279;C5
P280;C14
P281;C27
P282;C11
P283;C10
P284;C2
P285;C12
P286;C27
P287;C48
P288;C6
P289;C38
P290;C31
P291;C39
P292;C11
P293;C37
P294;C28
P295;C9
P296;C31
P297;C36
P298;C33
P299;C27
P300;C36
